,Unnamed: 0,SOC_Code,Occupation_x,Projection2020_30_5Code,share_fb_5digit,occFamilyTitle,JobPostings_2021,JobPostings_2019,Dif2019-2021,PercentGrowth2019_2021,RiskAutomation_BG,count_5digit,obs_5digit,tot_count_5digit,share_fb_3digit,share_fb_2digit,2020NationalEmploymentMatrixTitle,threeCode,Projection2020_30_3Code,ThreeCodeSocCode_y,JobPostings_2021_3Code,JobPostings_2019_3Code,2Code_Title,twoCode,JobPostings_2021_2Code,JobPostings_2019_2Code,ThreeCodeSocCode_x,No_Occ_Projection,JobPostings_2021_2codeSum,JobPostings_2019_2codeSum,Dif2021_19_2code,PercentGrowth_2019_21_2code,Projection2020_30_2Code,FB_Share_ALL_2Code,rank_allJobs,rank_allGrowth,x_allJobs,y_allJobs,Name_2code,x_allGrowth,y_allGrowth,Round1,Round2,Round3,soc2digit,Round4,employment_2020,employment_2030,employmentChange,percent_employmentChange,x_focus,y_focus
69,184,47-2042,"Floor Layers, Except Carpet, Wood, and Hard Tiles",0.123,0.363,Construction Trades Workers,2430,541,1889,3.492,Medium Risk,65168,416,179563,0.269,0.254,Construction trades workers,472.0,0.055,472.0,159546.0,70367.0,Construction and extraction occupations,47,190270,86111,472,,206392,95841,110551,1.153,0.057,0.277,17,1,515,366,Construction,75,100,0,1,1,47,0,,,,,,
75,185,47-2044,Tile and Marble Setters,0.115,0.363,Construction Trades Workers,2023,455,1568,3.446,Medium Risk,65168,416,179563,0.269,0.254,Construction trades workers,472.0,0.055,472.0,159546.0,70367.0,Construction and extraction occupations,47,190270,86111,472,,206392,95841,110551,1.153,0.057,0.277,17,1,515,366,Construction,75,100,0,1,1,47,0,,,,,,
1,197,47-2231,Solar Photovoltaic Installers,0.521,0.080,Construction Trades Workers,2474,793,1681,2.12,Medium Risk,1261,10,15823,0.269,0.254,Construction trades workers,472.0,0.055,472.0,159546.0,70367.0,Construction and extraction occupations,47,190270,86111,472,,206392,95841,110551,1.153,0.057,0.277,17,1,515,366,Construction,75,100,1,0,1,47,1,6971100,7371200,400100,0.057,300,525
23,26,53-3041,Taxi Drivers and Chauffeurs,0.247,0.467,Motor Vehicle Operators,9200,5798,3402,0.587,High Risk,276326,2013,591877,0.197,0.185,Motor vehicle operators,533.0,0.12,533.0,397234.0,205173.0,Transportation and material moving occupations,53,765602,354691,533,1.0,779602,365222,414380,1.135,0.088,0.191,6,2,625,100,Transportation,185,100,1,1,1,53,1,12673200,13793300,1120100,0.088,75,525
29,24,53-3021,"Bus Drivers, Transit and Intercity",0.21,0.185,Motor Vehicle Operators,5365,3430,1935,0.564,Medium Risk,59606,488,322456,0.197,0.185,Motor vehicle operators,533.0,0.12,533.0,397234.0,205173.0,Transportation and material moving occupations,53,765602,354691,533,1.0,779602,365222,414380,1.135,0.088,0.191,6,2,625,100,Transportation & Material Moving ,185,100,0,1,1,53,0,,,,,,
30,25,53-3022,"Bus Drivers, School or Special Client",0.21,0.113,Motor Vehicle Operators,3034,1459,1575,1.08,High Risk,44615,378,396430,0.197,0.185,Motor vehicle operators,533.0,0.12,533.0,397234.0,205173.0,Transportation and material moving occupations,53,765602,354691,533,1.0,779602,365222,414380,1.135,0.088,0.191,6,2,625,100,Transportation & Material Moving ,185,100,0,1,1,53,0,,,,,,
41,252,53-3031,Driver/Sales Workers,0.179,0.169,Motor Vehicle Operators,78098,37197,40901,1.1,High Risk,754730,5563,4456895,0.197,0.185,Motor vehicle operators,533.0,0.12,533.0,397234.0,205173.0,Transportation and material moving occupations,53,765602,354691,533,,779602,365222,414380,1.135,0.088,0.191,6,2,625,100,Transportation & Material Moving ,185,100,0,1,1,53,0,,,,,,
99,254,53-3033,Light Truck or Delivery Services Drivers,0.098,0.169,Motor Vehicle Operators,49967,27521,22446,0.816,Medium Risk,754730,5563,4456895,0.197,0.185,Motor vehicle operators,533.0,0.12,533.0,397234.0,205173.0,Transportation and material moving occupations,53,765602,354691,533,,779602,365222,414380,1.135,0.088,0.191,6,2,625,100,Transportation & Material Moving ,185,100,0,1,1,53,0,,,,,,
95,255,53-5011,Sailors and Marine Oilers,0.104,0.072,Water Transportation Workers,1896,1007,889,0.883,Medium Risk,4060,45,56049,0.072,0.185,Water transportation workers,535.0,0.117,535.0,3891.0,2273.0,Transportation and material moving occupations,53,765602,354691,535,,779602,365222,414380,1.135,0.088,0.191,6,2,625,100,Transportation & Material Moving ,185,100,0,1,1,53,0,,,,,,
60,257,53-6021,Parking Lot Attendants,0.142,0.310,Other Transportation Workers,14172,9101,5071,0.557,High Risk,33084,228,106817,0.177,0.185,Other transportation workers,536.0,0.099,536.0,20525.0,11818.0,Transportation and material moving occupations,53,765602,354691,536,,779602,365222,414380,1.135,0.088,0.191,6,2,625,100,Transportation & Material Moving ,185,100,0,1,1,53,0,,,,,,
72,265,53-7081,Refuse and Recyclable Material Collectors,0.119,0.196,Material Moving Workers,1841,806,1035,1.284,High Risk,22505,143,114999,0.178,0.185,Material moving workers,537.0,0.067,537.0,325132.0,125819.0,Transportation and material moving occupations,53,765602,354691,537,,779602,365222,414380,1.135,0.088,0.191,6,2,625,100,Transportation & Material Moving ,185,100,0,1,1,53,0,,,,,,
61,256,53-5021,"Captains, Mates, and Pilots of Water Vessels",0.135,0.072,Water Transportation Workers,1995,1266,729,0.576,Low Risk,4194,36,58207,0.072,0.185,Water transportation workers,535.0,0.117,535.0,3891.0,2273.0,Transportation and material moving occupations,53,765602,354691,535,,779602,365222,414380,1.135,0.088,0.191,6,2,625,100,Transportation & Material Moving ,185,100,0,0,1,53,0,,,,,,
,,XX-XXXX,,,,,,,,,,,,,,,,,,,,,,45,,,,,14588,6951,7637,1.099,,0.442,22,,,,Farming,,,0,0,0,45,0,,,,,,
78,139,37-2012,Maids and Housekeeping Cleaners,0.113,0.455,Building Cleaning and Pest Control Workers,86590,48244,38346,0.795,Medium Risk,891533,6103,1957277,0.328,0.309,Building cleaning and pest control workers,372.0,0.077,372.0,212851.0,109637.0,Building and grounds cleaning and maintenance occupations,37,280117,141983,372,,280187,142023,138164,0.973,0.075,0.344,14,3,185,366,Building & Grounds,295,100,1,1,1,37,1,5168800,5555600,386800,0.075,500,525
3,107,31-2011,Occupational Therapy Assistants,0.361,0.136,Occupational Therapy and Physical Therapist Assistants and Aides,8358,4835,3523,0.729,Low Risk,8707,74,64003,0.109,0.179,Occupational therapy and physical therapist assistants and aides,312.0,0.326,312.0,11330.0,6091.0,Healthcare support occupations,31,323251,158060,312,,347426,177615,169811,0.956,0.231,0.224,11,4,515,233,Healthcare Support,405,100,1,1,1,31,1,6837800,8418000,1580200,0.231,300,125
6,8,31-1011,Home Health Aides,0.326,0.238,"Nursing, Psychiatric, and Home Health Aides",50350,20230,30120,1.489,Low Risk,439455,3673,1847930,0.21,0.179,"Home health and personal care aides; and nursing assistants, orderlies, and psychiatric aides",311.0,0.252,311.0,158514.0,77358.0,Healthcare support occupations,31,323251,158060,311,1.0,347426,177615,169811,0.956,0.231,0.224,11,4,515,233,Healthcare Support,405,100,0,1,1,31,0,,,,,,
20,108,31-2022,Physical Therapist Aides,0.253,0.097,Occupational Therapy and Physical Therapist Assistants and Aides,2972,1256,1716,1.366,Medium Risk,13903,127,143061,0.109,0.179,Occupational therapy and physical therapist assistants and aides,312.0,0.326,312.0,11330.0,6091.0,Healthcare support occupations,31,323251,158060,312,,347426,177615,169811,0.956,0.231,0.224,11,4,515,233,Healthcare Support,405,100,0,1,1,31,0,,,,,,
12,109,31-9011,Massage Therapists,0.322,0.164,Other Healthcare Support Occupations,10679,5593,5086,0.909,Medium Risk,38840,372,236130,0.156,0.179,Other healthcare support occupations,319.0,0.158,319.0,153407.0,74611.0,Healthcare support occupations,31,323251,158060,319,,347426,177615,169811,0.956,0.231,0.224,11,4,515,233,Healthcare Support,405,100,0,1,1,31,0,,,,,,
80,110,31-9091,Dental Assistants,0.112,0.185,Other Healthcare Support Occupations,33757,8511,25246,2.966,Medium Risk,72558,626,392091,0.156,0.179,Other healthcare support occupations,319.0,0.158,319.0,153407.0,74611.0,Healthcare support occupations,31,323251,158060,319,,347426,177615,169811,0.956,0.231,0.224,11,4,515,233,Healthcare Support,405,100,0,1,1,31,0,,,,,,
38,111,31-9092,Medical Assistants,0.184,0.147,Other Healthcare Support Occupations,69757,39304,30453,0.775,Low Risk,101895,821,692855,0.156,0.179,Other healthcare support occupations,319.0,0.158,319.0,153407.0,74611.0,Healthcare support occupations,31,323251,158060,319,,347426,177615,169811,0.956,0.231,0.224,11,4,515,233,Healthcare Support,405,100,0,1,1,31,0,,,,,,
59,113,31-9096,Veterinary Assistants and Laboratory Animal Caretakers,0.143,0.087,Other Healthcare Support Occupations,5780,2808,2972,1.058,High Risk,6491,54,74681,0.156,0.179,Other healthcare support occupations,319.0,0.158,319.0,153407.0,74611.0,Healthcare support occupations,31,323251,158060,319,,347426,177615,169811,0.956,0.231,0.224,11,4,515,233,Healthcare Support,405,100,0,1,1,31,0,,,,,,
28,114,31-9097,Phlebotomists,0.222,0.162,Other Healthcare Support Occupations,19082,9889,9193,0.93,Medium Risk,25365,197,156423,0.156,0.179,Other healthcare support occupations,319.0,0.158,319.0,153407.0,74611.0,Healthcare support occupations,31,323251,158060,319,,347426,177615,169811,0.956,0.231,0.224,11,4,515,233,Healthcare Support,405,100,0,1,1,31,0,,,,,,
89,115,31-9099,"Healthcare Support Workers, All Other",0.105,0.146,Other Healthcare Support Occupations,4907,2697,2210,0.819,Medium Risk,31095,264,213263,0.156,0.179,Other healthcare support occupations,319.0,0.158,319.0,153407.0,74611.0,Healthcare support occupations,31,323251,158060,319,,347426,177615,169811,0.956,0.231,0.224,11,4,515,233,Healthcare Support,405,100,0,1,1,31,0,,,,,,
2,128,35-2014,"Cooks, Restaurant",0.489,0.248,Cooks and Food Preparation Workers,92656,49334,43322,0.878,High Risk,772376,5409,3110875,0.236,0.192,Cooks and food preparation workers,352.0,0.209,352.0,128096.0,65906.0,Food preparation and serving related occupations,35,660890,352790,352,,665776,356426,309350,0.868,0.196,0.209,7,5,75,233,Food Preparation,515,100,1,1,1,35,1,11553300,13820800,2267500,0.196,75,125
21,125,35-1011,Chefs and Head Cooks,0.253,0.350,Supervisors of Food Preparation and Serving Workers,23995,15298,8697,0.569,Low Risk,210038,1677,600904,0.35,0.192,Supervisors of food preparation and serving workers,351.0,0.213,351.0,101123.0,63030.0,Food preparation and serving related occupations,35,660890,352790,351,,665776,356426,309350,0.868,0.196,0.209,7,5,75,233,Food Preparation & Serving,515,100,0,1,1,35,0,,,,,,
32,126,35-1012,First-Line Supervisors of Food Preparation and Serving Workers,0.208,0.135,Supervisors of Food Preparation and Serving Workers,77128,47732,29396,0.616,Medium Risk,89014,727,658210,0.35,0.192,Supervisors of food preparation and serving workers,351.0,0.213,351.0,101123.0,63030.0,Food preparation and serving related occupations,35,660890,352790,351,,665776,356426,309350,0.868,0.196,0.209,7,5,75,233,Food Preparation & Serving,515,100,0,1,1,35,0,,,,,,
100,129,35-2015,"Cooks, Short Order",0.096,0.248,Cooks and Food Preparation Workers,10288,5350,4938,0.923,High Risk,772376,5409,3110875,0.236,0.192,Cooks and food preparation workers,352.0,0.209,352.0,128096.0,65906.0,Food preparation and serving related occupations,35,660890,352790,352,,665776,356426,309350,0.868,0.196,0.209,7,5,75,233,Food Preparation & Serving,515,100,0,1,1,35,0,,,,,,
9,131,35-3011,Bartenders,0.325,0.085,Food and Beverage Serving Workers,36918,17563,19355,1.102,Medium Risk,47578,392,556691,0.134,0.192,Food and beverage serving workers,353.0,0.18,353.0,322316.0,164132.0,Food preparation and serving related occupations,35,660890,352790,353,,665776,356426,309350,0.868,0.196,0.209,7,5,75,233,Food Preparation & Serving,515,100,0,1,1,35,0,,,,,,
39,11,35-3021,"Combined Food Preparation and Serving Workers, Including Fast Food",0.18,0.096,Food and Beverage Serving Workers,152097,76676,75421,0.984,High Risk,92204,744,960158,0.134,0.192,Food and beverage serving workers,353.0,0.18,353.0,322316.0,164132.0,Food preparation and serving related occupations,35,660890,352790,353,1.0,665776,356426,309350,0.868,0.196,0.209,7,5,75,233,Food Preparation & Serving,515,100,0,1,1,35,0,,,,,,
53,12,35-3022,"Counter Attendants, Cafeteria, Food Concession, and Coffee Shop",0.15,0.202,Food and Beverage Serving Workers,30657,19637,11020,0.561,High Risk,93287,719,461367,0.134,0.192,Food and beverage serving workers,353.0,0.18,353.0,322316.0,164132.0,Food preparation and serving related occupations,35,660890,352790,353,1.0,665776,356426,309350,0.868,0.196,0.209,7,5,75,233,Food Preparation & Serving,515,100,0,1,1,35,0,,,,,,
33,132,35-3031,Waiters and Waitresses,0.201,0.156,Food and Beverage Serving Workers,102644,50256,52388,1.042,High Risk,442252,3382,2835088,0.134,0.192,Food and beverage serving workers,353.0,0.18,353.0,322316.0,164132.0,Food preparation and serving related occupations,35,660890,352790,353,,665776,356426,309350,0.868,0.196,0.209,7,5,75,233,Food Preparation & Serving,515,100,0,1,1,35,0,,,,,,
18,133,35-9011,Dining Room and Cafeteria Attendants and Bartender Helpers,0.266,0.202,Other Food Preparation and Serving Related Workers,28595,16948,11647,0.687,High Risk,93287,719,461367,0.163,0.192,Other food preparation and serving related workers,359.0,0.234,359.0,109355.0,59722.0,Food preparation and serving related occupations,35,660890,352790,359,,665776,356426,309350,0.868,0.196,0.209,7,5,75,233,Food Preparation & Serving,515,100,0,1,1,35,0,,,,,,
36,134,35-9021,Dishwashers,0.19,0.199,Other Food Preparation and Serving Related Workers,44910,23544,21366,0.907,Medium Risk,103312,688,519004,0.163,0.192,Other food preparation and serving related workers,359.0,0.234,359.0,109355.0,59722.0,Food preparation and serving related occupations,35,660890,352790,359,,665776,356426,309350,0.868,0.196,0.209,7,5,75,233,Food Preparation & Serving,515,100,0,1,1,35,0,,,,,,
22,135,35-9031,"Hosts and Hostesses, Restaurant, Lounge, and Coffee Shop",0.253,0.087,Other Food Preparation and Serving Related Workers,35850,19230,16620,0.864,High Risk,41770,328,480302,0.163,0.192,Other food preparation and serving related workers,359.0,0.234,359.0,109355.0,59722.0,Food preparation and serving related occupations,35,660890,352790,359,,665776,356426,309350,0.868,0.196,0.209,7,5,75,233,Food Preparation & Serving,515,100,0,1,1,35,0,,,,,,
52,248,51-9195,"Molders, Shapers, and Casters, Except Metal and Plastic",0.151,0.301,Other Production Occupations,2183,1055,1128,1.069,High Risk,10037,64,33393,0.207,0.208,Other production occupations,519.0,-0.009,519.0,263468.0,127399.0,Production occupations,51,427233,216069,519,,397829,213899,183930,0.86,-0.004,0.217,10,6,405,233,Production,625,100,1,1,0,51,0,,,,,,
73,231,51-6011,Laundry and Dry-Cleaning Workers,0.118,0.341,"Textile, Apparel, and Furnishings Workers",13560,7214,6346,0.88,Medium Risk,69418,528,203500,0.371,0.208,"Textile, apparel, and furnishings workers",516.0,-0.031,516.0,19725.0,10133.0,Production occupations,51,427233,216069,516,,397829,213899,183930,0.86,-0.004,0.217,10,6,405,233,Production,625,100,0,1,0,51,0,,,,,,
71,245,51-9081,Dental Laboratory Technicians,0.122,0.195,Other Production Occupations,2818,1134,1684,1.485,High Risk,20956,188,107604,0.207,0.208,Other production occupations,519.0,-0.009,519.0,263468.0,127399.0,Production occupations,51,427233,216069,519,,397829,213899,183930,0.86,-0.004,0.217,10,6,405,233,Production,625,100,0,1,0,51,0,,,,,,
7,15,39-9021,Personal Care Aides,0.326,0.238,Other Personal Care and Service Workers,91109,34404,56705,1.648,Medium Risk,439455,3673,1847930,0.201,0.207,,,0.252,,,,Personal care and service occupations,39,177684,83487,399,1.0,278404,161787,116617,0.721,0.217,0.196,15,7,295,366,Personal Care,75,233,1,1,0,39,1,3870400,4711400,841000,0.217,500,125
24,13,39-1021,First-Line Supervisors of Personal Service Workers,0.242,0.135,Supervisors of Personal Care and Service Workers,6616,2763,3853,1.394,Low Risk,89014,727,658210,0.135,0.207,Supervisors of personal care and service workers,391.0,0.239,391.0,6616.0,2763.0,Personal care and service occupations,39,177684,83487,391,1.0,278404,161787,116617,0.721,0.217,0.196,15,7,295,366,Personal Care & Service,75,233,0,1,0,39,0,,,,,,
17,144,39-2011,Animal Trainers,0.285,0.072,Animal Care and Service Workers,2036,573,1463,2.553,Low Risk,4531,56,63007,0.072,0.207,Animal care and service workers,392.0,0.333,392.0,2036.0,573.0,Personal care and service occupations,39,177684,83487,392,,278404,161787,116617,0.721,0.217,0.196,15,7,295,366,Personal Care & Service,75,233,0,1,0,39,0,,,,,,
11,145,39-3091,Amusement and Recreation Attendants,0.323,0.068,Entertainment Attendants and Related Workers,13219,7050,6169,0.875,Medium Risk,26345,259,385346,0.068,0.207,Entertainment attendants and related workers,393.0,0.362,393.0,13219.0,7050.0,Personal care and service occupations,39,177684,83487,393,,278404,161787,116617,0.721,0.217,0.196,15,7,295,366,Personal Care & Service,75,233,0,1,0,39,0,,,,,,
35,146,39-5012,"Hairdressers, Hairstylists, and Cosmetologists",0.194,0.177,Personal Appearance Workers,18836,12018,6818,0.567,Low Risk,174683,1430,985732,0.3,0.207,Personal appearance workers,395.0,0.222,395.0,23816.0,15099.0,Personal care and service occupations,39,177684,83487,395,,278404,161787,116617,0.721,0.217,0.196,15,7,295,366,Personal Care & Service,75,233,0,1,0,39,0,,,,,,
8,147,39-5092,Manicurists and Pedicurists,0.326,0.738,Personal Appearance Workers,2026,1310,716,0.547,High Risk,219783,1842,297616,0.3,0.207,Personal appearance workers,395.0,0.222,395.0,23816.0,15099.0,Personal care and service occupations,39,177684,83487,395,,278404,161787,116617,0.721,0.217,0.196,15,7,295,366,Personal Care & Service,75,233,0,1,0,39,0,,,,,,
15,148,39-5094,Skincare Specialists,0.288,0.207,Personal Appearance Workers,2954,1771,1183,0.668,Low Risk,20126,173,97390,0.3,0.207,Personal appearance workers,395.0,0.222,395.0,23816.0,15099.0,Personal care and service occupations,39,177684,83487,395,,278404,161787,116617,0.721,0.217,0.196,15,7,295,366,Personal Care & Service,75,233,0,1,0,39,0,,,,,,
34,149,39-6012,Concierges,0.2,0.239,"Baggage Porters, Bellhops, and Concierges",9722,6022,3700,0.614,Low Risk,28160,235,117879,0.239,0.207,"Baggage porters, bellhops, and concierges",396.0,0.22,396.0,9722.0,6022.0,Personal care and service occupations,39,177684,83487,396,,278404,161787,116617,0.721,0.217,0.196,15,7,295,366,Personal Care & Service,75,233,0,1,0,39,0,,,,,,
14,14,39-7012,Travel Guides,0.291,0.104,Tour and Travel Guides,1198,646,552,0.854,Low Risk,11481,116,110647,0.104,0.207,Tour and travel guides,397.0,0.291,397.0,1198.0,646.0,Personal care and service occupations,39,177684,83487,397,1.0,278404,161787,116617,0.721,0.217,0.196,15,7,295,366,Personal Care & Service,75,233,0,1,0,39,0,,,,,,
50,150,39-9032,Recreation Workers,0.163,0.056,Other Personal Care and Service Workers,22649,12125,10524,0.868,Low Risk,21929,234,392234,0.201,0.207,,,,,,,Personal care and service occupations,39,177684,83487,399,,278404,161787,116617,0.721,0.217,0.196,15,7,295,366,Personal Care & Service,75,233,0,1,0,39,0,,,,,,
68,151,39-9041,Residential Advisors,0.124,0.113,Other Personal Care and Service Workers,7319,4805,2514,0.523,Low Risk,12809,136,113295,0.201,0.207,,,,,,,Personal care and service occupations,39,177684,83487,399,,278404,161787,116617,0.721,0.217,0.196,15,7,295,366,Personal Care & Service,75,233,0,1,0,39,0,,,,,,
0,216,49-9081,Wind Turbine Service Technicians,0.682,0.133,"Other Installation, Maintenance, and Repair Occupations",1089,660,429,0.65,Low Risk,36675,295,274902,0.143,0.15,"Other installation, maintenance, and repair occupations",499.0,0.085,499.0,205121.0,118123.0,"Installation, maintenance, and repair occupations",49,382142,220906,499,,435082,259606,175476,0.676,0.067,0.144,9,8,295,233,Maintenance & Repair,185,233,1,1,0,49,0,,,,,,
49,207,49-2098,Security and Fire Alarm Systems Installers,0.164,0.184,"Electrical and Electronic Equipment Mechanics, Installers, and Repairers",4666,3019,1647,0.546,Medium Risk,10698,81,58112,0.146,0.15,"Electrical and electronic equipment mechanics, installers, and repairers",492.0,0.02,492.0,23649.0,12593.0,"Installation, maintenance, and repair occupations",49,382142,220906,492,,435082,259606,175476,0.676,0.067,0.144,9,8,295,233,"Installation, Maintenance, & Repair",185,233,0,1,0,49,0,,,,,,
70,211,49-9011,Mechanical Door Repairers,0.122,0.059,"Other Installation, Maintenance, and Repair Occupations",1635,502,1133,2.257,High Risk,1531,18,25919,0.143,0.15,"Other installation, maintenance, and repair occupations",499.0,0.085,499.0,205121.0,118123.0,"Installation, maintenance, and repair occupations",49,382142,220906,499,,435082,259606,175476,0.676,0.067,0.144,9,8,295,233,"Installation, Maintenance, & Repair",185,233,0,0,0,49,0,,,,,,
57,122,33-9032,Security Guards,0.146,0.134,Other Protective Service Workers,105285,56805,48480,0.853,Medium Risk,167039,1330,1244665,0.132,0.096,Other protective service workers,339.0,0.144,339.0,109586.0,58814.0,Protective service occupations,33,127501,70139,339,,157982,95310,62672,0.658,0.084,0.083,19,9,75,500,Protective Service,295,233,1,1,0,33,0,,,,,,
62,123,33-9091,Crossing Guards,0.134,0.110,Other Protective Service Workers,1064,701,363,0.518,Low Risk,9292,88,84748,0.132,0.096,Other protective service workers,339.0,0.144,339.0,109586.0,58814.0,Protective service occupations,33,127501,70139,339,,157982,95310,62672,0.658,0.084,0.083,19,9,75,500,Protective Service,295,233,0,1,0,33,0,,,,,,
90,121,33-9011,Animal Control Workers,0.105,0.018,Other Protective Service Workers,1044,489,555,1.135,Low Risk,225,3,12255,0.132,0.096,Other protective service workers,339.0,0.144,339.0,109586.0,58814.0,Protective service occupations,33,127501,70139,339,,157982,95310,62672,0.658,0.084,0.083,19,9,75,500,Protective Service,295,233,0,0,0,33,0,,,,,,
102,1001,XX-XXXX,,,,,,,,,,,,,,,,,,,,,,23,,,,,76175,47700,28475,0.597,,0.088,21,10,295,500,Legal,405,233,1,0,0,23,0,,,,,,
27,2,21-1011,Substance Abuse and Behavioral Disorder Counselors,0.229,0.080,"Counselors, Social Workers, and Other Community and Social Service Specialists",5014,2807,2207,0.786,Low Risk,11905,93,148923,0.106,0.105,"Counselors, social workers, and other community and social service specialists",211.0,0.144,211.0,113282.0,66496.0,Community and social service occupations,21,115085,67256,211,1.0,160648,101524,59124,0.582,0.124,0.107,18,11,625,366,Social Services,515,233,1,1,0,21,0,,,,,,
64,69,21-1022,Healthcare Social Workers,0.132,0.108,"Counselors, Social Workers, and Other Community and Social Service Specialists",10633,6003,4630,0.771,Low Risk,10475,94,96756,0.106,0.105,"Counselors, social workers, and other community and social service specialists",211.0,0.144,211.0,113282.0,66496.0,Community and social service occupations,21,115085,67256,211,,160648,101524,59124,0.582,0.124,0.107,18,11,625,366,Community & Social Service ,515,233,0,1,0,21,0,,,,,,
67,72,21-1091,Health Educators,0.124,0.108,"Counselors, Social Workers, and Other Community and Social Service Specialists",13543,8762,4781,0.546,Low Risk,12817,121,118569,0.106,0.105,"Counselors, social workers, and other community and social service specialists",211.0,0.144,211.0,113282.0,66496.0,Community and social service occupations,21,115085,67256,211,,160648,101524,59124,0.582,0.124,0.107,18,11,625,366,Community & Social Service ,515,233,0,1,0,21,0,,,,,,
46,73,21-1093,Social and Human Service Assistants,0.166,0.129,"Counselors, Social Workers, and Other Community and Social Service Specialists",14466,9584,4882,0.509,Low Risk,36607,313,283589,0.106,0.105,"Counselors, social workers, and other community and social service specialists",211.0,0.144,211.0,113282.0,66496.0,Community and social service occupations,21,115085,67256,211,,160648,101524,59124,0.582,0.124,0.107,18,11,625,366,Community & Social Service ,515,233,0,1,0,21,0,,,,,,
31,74,21-1094,Community Health Workers,0.21,0.108,"Counselors, Social Workers, and Other Community and Social Service Specialists",1496,839,657,0.783,Low Risk,12817,121,118569,0.106,0.105,"Counselors, social workers, and other community and social service specialists",211.0,0.144,211.0,113282.0,66496.0,Community and social service occupations,21,115085,67256,211,,160648,101524,59124,0.582,0.124,0.107,18,11,625,366,Community & Social Service ,515,233,0,1,0,21,0,,,,,,
63,75,21-1099,"Community and Social Service Specialists, All Other",0.133,0.108,"Counselors, Social Workers, and Other Community and Social Service Specialists",2733,1732,1001,0.578,Low Risk,12817,121,118569,0.106,0.105,"Counselors, social workers, and other community and social service specialists",211.0,0.144,211.0,113282.0,66496.0,Community and social service occupations,21,115085,67256,211,,160648,101524,59124,0.582,0.124,0.107,18,11,625,366,Community & Social Service ,515,233,0,1,0,21,0,,,,,,
47,66,21-1013,Marriage and Family Therapists,0.164,0.092,"Counselors, Social Workers, and Other Community and Social Service Specialists",8855,4901,3954,0.807,Low Risk,3670,32,39996,0.106,0.105,"Counselors, social workers, and other community and social service specialists",211.0,0.144,211.0,113282.0,66496.0,Community and social service occupations,21,115085,67256,211,,160648,101524,59124,0.582,0.124,0.107,18,11,625,366,Community & Social Service ,515,233,0,0,0,21,0,,,,,,
94,67,21-1015,Rehabilitation Counselors,0.104,0.125,"Counselors, Social Workers, and Other Community and Social Service Specialists",1123,625,498,0.797,Low Risk,4016,33,32213,0.106,0.105,"Counselors, social workers, and other community and social service specialists",211.0,0.144,211.0,113282.0,66496.0,Community and social service occupations,21,115085,67256,211,,160648,101524,59124,0.582,0.124,0.107,18,11,625,366,Community & Social Service ,515,233,0,0,0,21,0,,,,,,
55,70,21-1023,Mental Health and Substance Abuse Social Workers,0.149,0.030,"Counselors, Social Workers, and Other Community and Social Service Specialists",3186,1719,1467,0.853,Low Risk,759,13,25688,0.106,0.105,"Counselors, social workers, and other community and social service specialists",211.0,0.144,211.0,113282.0,66496.0,Community and social service occupations,21,115085,67256,211,,160648,101524,59124,0.582,0.124,0.107,18,11,625,366,Community & Social Service ,515,233,0,0,0,21,0,,,,,,
44,59,19-1042,"Medical Scientists, Except Epidemiologists",0.169,0.390,Life Scientists,17051,10939,6112,0.559,Low Risk,62853,686,161026,0.278,0.268,Life scientists,191.0,0.107,191.0,25842.0,16220.0,"Life, physical, and social science occupations",19,79627,45067,191,,117704,75569,42135,0.558,0.079,0.209,20,12,185,500,Science,625,233,1,1,0,19,0,,,,,,
92,63,19-3031,"Clinical, Counseling, and School Psychologists",0.104,0.057,Social Scientists and Related Workers,18436,9969,8467,0.849,Low Risk,3271,42,57761,0.066,0.268,Social scientists and related workers,193.0,0.07,193.0,36872.0,19938.0,"Life, physical, and social science occupations",19,79627,45067,193,,117704,75569,42135,0.558,0.079,0.209,20,12,185,500,"Life, Physical, & Social Science",625,233,0,1,0,19,0,,,,,,
93,64,19-3031,"Clinical, Counseling, and School Psychologists",0.104,0.085,Social Scientists and Related Workers,18436,9969,8467,0.849,Low Risk,2355,29,27599,0.066,0.268,Social scientists and related workers,193.0,0.07,193.0,36872.0,19938.0,"Life, physical, and social science occupations",19,79627,45067,193,,117704,75569,42135,0.558,0.079,0.209,20,12,185,500,"Life, Physical, & Social Science",625,233,0,0,0,19,0,,,,,,
48,164,43-4081,"Hotel, Motel, and Resort Desk Clerks",0.164,0.149,Information and Record Clerks,56119,36453,19666,0.539,High Risk,28772,238,193702,0.114,0.123,Information and record clerks,434.0,0.002,434.0,442664.0,282369.0,Office and administrative support occupations,43,757759,443515,434,,1272750,846994,425756,0.503,-0.028,0.117,2,13,185,100,Office Support,75,366,1,1,0,43,0,,,,,,
98,168,43-5011,Cargo and Freight Agents,0.099,0.237,"Material Recording, Scheduling, Dispatching, and Distributing Workers",6781,4296,2485,0.578,High Risk,7214,58,30412,0.137,0.123,"Material recording, scheduling, dispatching, and distributing workers",435.0,-0.017,435.0,250280.0,123931.0,Office and administrative support occupations,43,757759,443515,435,,1272750,846994,425756,0.503,-0.028,0.117,2,13,185,100,Office & Administrative Support,75,366,0,1,0,43,0,,,,,,
87,174,43-5111,"Weighers, Measurers, Checkers, and Samplers, Recordkeeping",0.107,0.164,"Material Recording, Scheduling, Dispatching, and Distributing Workers",12170,6744,5426,0.805,High Risk,16896,141,102816,0.137,0.123,"Material recording, scheduling, dispatching, and distributing workers",435.0,-0.017,435.0,250280.0,123931.0,Office and administrative support occupations,43,757759,443515,435,,1272750,846994,425756,0.503,-0.028,0.117,2,13,185,100,Office & Administrative Support,75,366,0,1,0,43,0,,,,,,
88,175,43-6013,Medical Secretaries,0.106,0.094,Secretaries and Administrative Assistants,64815,37215,27600,0.742,Medium Risk,8532,73,90336,0.094,0.123,Secretaries and administrative assistants,436.0,-0.067,436.0,64815.0,37215.0,Office and administrative support occupations,43,757759,443515,436,,1272750,846994,425756,0.503,-0.028,0.117,2,13,185,100,Office & Administrative Support,75,366,0,1,0,43,0,,,,,,
5,95,27-4032,Film and Video Editors,0.332,0.115,Media and Communication Equipment Workers,1119,620,499,0.805,Low Risk,14572,145,126679,0.114,0.112,Media and communication equipment workers,274.0,0.21,274.0,12142.0,7146.0,"Arts, design, entertainment, sports, and media occupations",27,151005,84931,274,,273754,186499,87255,0.468,0.131,0.128,16,14,405,366,Arts & Entertainment,185,366,1,1,0,27,0,,,,,,
42,84,27-1013,"Fine Artists, Including Painters, Sculptors, and Illustrators",0.173,0.138,Art and Design Workers,4129,2665,1464,0.549,Low Risk,46382,472,336491,0.139,0.112,Art and design workers,271.0,0.044,271.0,87972.0,47379.0,"Arts, design, entertainment, sports, and media occupations",27,151005,84931,271,,273754,186499,87255,0.468,0.131,0.128,16,14,405,366,"Arts, Design, Entertainment, Sports, & Media",185,366,0,1,0,27,0,,,,,,
10,87,27-2011,Actors,0.324,0.116,"Entertainers and Performers, Sports and Related Workers",4395,1301,3094,2.378,Low Risk,11105,107,95757,0.097,0.112,"Entertainers and performers, sports and related workers",272.0,0.222,272.0,49256.0,29501.0,"Arts, design, entertainment, sports, and media occupations",27,151005,84931,272,,273754,186499,87255,0.468,0.131,0.128,16,14,405,366,"Arts, Design, Entertainment, Sports, & Media",185,366,0,1,0,27,0,,,,,,
19,88,27-2022,Coaches and Scouts,0.256,0.090,"Entertainers and Performers, Sports and Related Workers",40989,26106,14883,0.57,Low Risk,33673,333,373086,0.097,0.112,"Entertainers and performers, sports and related workers",272.0,0.222,272.0,49256.0,29501.0,"Arts, design, entertainment, sports, and media occupations",27,151005,84931,272,,273754,186499,87255,0.468,0.131,0.128,16,14,405,366,"Arts, Design, Entertainment, Sports, & Media",185,366,0,1,0,27,0,,,,,,
81,91,27-2042,Musicians and Singers,0.111,0.112,"Entertainers and Performers, Sports and Related Workers",1512,869,643,0.74,Low Risk,24200,222,215928,0.097,0.112,"Entertainers and performers, sports and related workers",272.0,0.222,272.0,49256.0,29501.0,"Arts, design, entertainment, sports, and media occupations",27,151005,84931,272,,273754,186499,87255,0.468,0.131,0.128,16,14,405,366,"Arts, Design, Entertainment, Sports, & Media",185,366,0,1,0,27,0,,,,,,
43,93,27-4021,Photographers,0.171,0.113,Media and Communication Equipment Workers,7685,4860,2825,0.581,Low Risk,26818,253,236640,0.114,0.112,Media and communication equipment workers,274.0,0.21,274.0,12142.0,7146.0,"Arts, design, entertainment, sports, and media occupations",27,151005,84931,274,,273754,186499,87255,0.468,0.131,0.128,16,14,405,366,"Arts, Design, Entertainment, Sports, & Media",185,366,0,1,0,27,0,,,,,,
25,94,27-4031,"Camera Operators, Television, Video, and Motion Picture",0.241,0.115,Media and Communication Equipment Workers,3338,1666,1672,1.004,Medium Risk,14572,145,126679,0.114,0.112,Media and communication equipment workers,274.0,0.21,274.0,12142.0,7146.0,"Arts, design, entertainment, sports, and media occupations",27,151005,84931,274,,273754,186499,87255,0.468,0.131,0.128,16,14,405,366,"Arts, Design, Entertainment, Sports, & Media",185,366,0,1,0,27,0,,,,,,
13,89,27-2023,"Umpires, Referees, and Other Sports Officials",0.294,0.042,"Entertainers and Performers, Sports and Related Workers",1217,645,572,0.887,High Risk,2833,30,66898,0.097,0.112,"Entertainers and performers, sports and related workers",272.0,0.222,272.0,49256.0,29501.0,"Arts, design, entertainment, sports, and media occupations",27,151005,84931,272,,273754,186499,87255,0.468,0.131,0.128,16,14,405,366,"Arts, Design, Entertainment, Sports, & Media",185,366,0,0,0,27,0,,,,,,
96,92,27-3011,Radio and Television Announcers,0.103,0.090,Media and Communication Workers,1635,905,730,0.807,Low Risk,3197,30,35475,0.09,0.112,Media and communication workers,273.0,0.11,273.0,1635.0,905.0,"Arts, design, entertainment, sports, and media occupations",27,151005,84931,273,,273754,186499,87255,0.468,0.131,0.128,16,14,405,366,"Arts, Design, Entertainment, Sports, & Media",185,366,0,0,0,27,0,,,,,,
51,42,11-9151,Social and Community Service Managers,0.152,0.103,Other Management Occupations,12313,7824,4489,0.574,Low Risk,50075,480,488433,0.141,0.14,Other management occupations,119.0,0.092,119.0,254420.0,141559.0,Management occupations,11,515316,301763,119,,1292802,891792,401010,0.45,0.093,0.142,1,15,75,100,Management,295,366,1,1,0,11,0,,,,,,
97,30,11-2021,Marketing Managers,0.1,0.132,"Advertising, Marketing, Promotions, Public Relations, and Sales Managers",99410,61367,38043,0.62,Low Risk,82555,781,627175,0.132,0.14,"Advertising, marketing, promotions, public relations, and sales managers",112.0,0.088,112.0,99410.0,61367.0,Management occupations,11,515316,301763,112,,1292802,891792,401010,0.45,0.093,0.142,1,15,75,100,Management,295,366,0,1,0,11,0,,,,,,
84,31,11-3021,Computer and Information Systems Managers,0.109,0.199,Operations Specialties Managers,9756,6376,3380,0.53,Low Risk,146407,1397,735113,0.172,0.14,Operations specialties managers,113.0,0.116,113.0,39156.0,23688.0,Management occupations,11,515316,301763,113,,1292802,891792,401010,0.45,0.093,0.142,1,15,75,100,Management,295,366,0,1,0,11,0,,,,,,
74,35,11-9021,Construction Managers,0.115,0.128,Other Management Occupations,43958,28786,15172,0.527,Low Risk,129763,1147,1016540,0.141,0.14,Other management occupations,119.0,0.092,119.0,254420.0,141559.0,Management occupations,11,515316,301763,119,,1292802,891792,401010,0.45,0.093,0.142,1,15,75,100,Management,295,366,0,1,0,11,0,,,,,,
76,36,11-9031,"Education Administrators, Preschool and Childcare Center/Program",0.114,0.093,Other Management Occupations,5574,2640,2934,1.111,Low Risk,103347,1010,1109587,0.141,0.14,Other management occupations,119.0,0.092,119.0,254420.0,141559.0,Management occupations,11,515316,301763,119,,1292802,891792,401010,0.45,0.093,0.142,1,15,75,100,Management,295,366,0,1,0,11,0,,,,,,
66,37,11-9039,"Education Administrators, All Other",0.126,0.093,Other Management Occupations,4020,2305,1715,0.744,Low Risk,103347,1010,1109587,0.141,0.14,Other management occupations,119.0,0.092,119.0,254420.0,141559.0,Management occupations,11,515316,301763,119,,1292802,891792,401010,0.45,0.093,0.142,1,15,75,100,Management,295,366,0,1,0,11,0,,,,,,
54,38,11-9051,Food Service Managers,0.149,0.203,Other Management Occupations,120579,59103,61476,1.04,Low Risk,241699,1977,1189029,0.141,0.14,Other management occupations,119.0,0.092,119.0,254420.0,141559.0,Management occupations,11,515316,301763,119,,1292802,891792,401010,0.45,0.093,0.142,1,15,75,100,Management,295,366,0,1,0,11,0,,,,,,
26,83,25-3021,Self-Enrichment Education Teachers,0.235,0.120,Other Teachers and Instructors,12616,7486,5130,0.685,Low Risk,119260,1159,993284,0.12,0.1,Other teachers and instructors,253.0,0.157,253.0,12616.0,7486.0,Educational instruction and library occupations,25,143193,79212,253,,343749,239492,104257,0.435,0.101,0.12,12,16,625,233,Education,405,366,1,1,0,25,0,,,,,,
37,79,25-2011,"Preschool Teachers, Except Special Education",0.184,0.115,"Preschool, Primary, Secondary, and Special Education School Teachers",56040,27120,28920,1.066,Low Risk,121537,1176,1052831,0.084,0.1,"Preschool, elementary, middle, secondary, and special education teachers",252.0,0.089,252.0,93312.0,50791.0,Educational instruction and library occupations,25,143193,79212,252,,343749,239492,104257,0.435,0.101,0.12,12,16,625,233,Educational Instruction,405,366,0,1,0,25,0,,,,,,
16,100,29-1127,Speech-Language Pathologists,0.287,0.049,Health Diagnosing and Treating Practitioners,44340,25052,19288,0.77,Low Risk,10111,103,205233,0.126,0.134,Healthcare diagnosing or treating practitioners,291.0,0.115,291.0,93219.0,51110.0,Healthcare practitioners and technical occupations,29,282489,147401,291,,1227982,872982,355000,0.407,0.108,0.156,3,17,295,100,Healthcare Practitioners,515,366,1,1,0,29,0,,,,,,
85,96,29-1011,Chiropractors,0.108,0.089,Health Diagnosing and Treating Practitioners,2177,1355,822,0.607,Low Risk,6528,62,73189,0.126,0.134,Healthcare diagnosing or treating practitioners,291.0,0.115,291.0,93219.0,51110.0,Healthcare practitioners and technical occupations,29,282489,147401,291,,1227982,872982,355000,0.407,0.108,0.156,3,17,295,100,Healthcare Practitioners & Technical,515,366,0,1,0,29,0,,,,,,
86,98,29-1031,Dietitians and Nutritionists,0.107,0.122,Health Diagnosing and Treating Practitioners,18469,10532,7937,0.754,Low Risk,14675,138,120630,0.126,0.134,Healthcare diagnosing or treating practitioners,291.0,0.115,291.0,93219.0,51110.0,Healthcare practitioners and technical occupations,29,282489,147401,291,,1227982,872982,355000,0.407,0.108,0.156,3,17,295,100,Healthcare Practitioners & Technical,515,366,0,1,0,29,0,,,,,,
45,101,29-1131,Veterinarians,0.168,0.086,Health Diagnosing and Treating Practitioners,12464,5074,7390,1.456,Low Risk,8811,92,102517,0.126,0.134,Healthcare diagnosing or treating practitioners,291.0,0.115,291.0,93219.0,51110.0,Healthcare practitioners and technical occupations,29,282489,147401,291,,1227982,872982,355000,0.407,0.108,0.156,3,17,295,100,Healthcare Practitioners & Technical,515,366,0,1,0,29,0,,,,,,
83,5,29-2012,Medical and Clinical Laboratory Technicians,0.109,0.190,Health Technologists and Technicians,42228,25198,17030,0.676,Low Risk,74808,689,392909,0.137,0.134,Health technologists and technicians,292.0,0.093,292.0,189270.0,96291.0,Healthcare practitioners and technical occupations,29,282489,147401,292,1.0,1227982,872982,355000,0.407,0.108,0.156,3,17,295,100,Healthcare Practitioners & Technical,515,366,0,1,0,29,0,,,,,,
79,6,29-2021,Dental Hygienists,0.112,0.114,Health Technologists and Technicians,8774,3422,5352,1.564,Medium Risk,25974,225,227483,0.137,0.134,Health technologists and technicians,292.0,0.093,292.0,189270.0,96291.0,Healthcare practitioners and technical occupations,29,282489,147401,292,1.0,1227982,872982,355000,0.407,0.108,0.156,3,17,295,100,Healthcare Practitioners & Technical,515,366,0,1,0,29,0,,,,,,
82,7,29-2041,Emergency Medical Technicians and Paramedics,0.11,0.074,Health Technologists and Technicians,11179,7446,3733,0.501,Low Risk,11365,84,152758,0.137,0.134,Health technologists and technicians,292.0,0.093,292.0,189270.0,96291.0,Healthcare practitioners and technical occupations,29,282489,147401,292,1.0,1227982,872982,355000,0.407,0.108,0.156,3,17,295,100,Healthcare Practitioners & Technical,515,366,0,1,0,29,0,,,,,,
65,102,29-2053,Psychiatric Technicians,0.128,0.139,Health Technologists and Technicians,7635,3985,3650,0.916,Low Risk,13466,100,96593,0.137,0.134,Health technologists and technicians,292.0,0.093,292.0,189270.0,96291.0,Healthcare practitioners and technical occupations,29,282489,147401,292,,1227982,872982,355000,0.407,0.108,0.156,3,17,295,100,Healthcare Practitioners & Technical,515,366,0,1,0,29,0,,,,,,
56,103,29-2056,Veterinary Technologists and Technicians,0.149,0.051,Health Technologists and Technicians,11038,2843,8195,2.883,Low Risk,8751,70,172020,0.137,0.134,Health technologists and technicians,292.0,0.093,292.0,189270.0,96291.0,Healthcare practitioners and technical occupations,29,282489,147401,292,,1227982,872982,355000,0.407,0.108,0.156,3,17,295,100,Healthcare Practitioners & Technical,515,366,0,1,0,29,0,,,,,,
58,104,29-2057,Ophthalmic Medical Technicians,0.143,0.121,Health Technologists and Technicians,5290,1624,3666,2.257,Low Risk,9199,71,76171,0.137,0.134,Health technologists and technicians,292.0,0.093,292.0,189270.0,96291.0,Healthcare practitioners and technical occupations,29,282489,147401,292,,1227982,872982,355000,0.407,0.108,0.156,3,17,295,100,Healthcare Practitioners & Technical,515,366,0,1,0,29,0,,,,,,
77,155,41-9012,Models,0.114,0.142,Other Sales and Related Workers,1578,375,1203,3.208,High Risk,11506,104,80858,0.13,0.136,Other sales and related workers,419.0,0.001,419.0,68164.0,40354.0,Sales and related occupations,41,169418,101501,419,,1193800,893510,300290,0.336,-0.014,0.132,4,18,405,100,Sales,625,366,1,1,0,41,0,,,,,,
91,46,13-1071,Human Resources Specialists,0.104,0.107,Business Operations Specialists,113143,68370,44773,0.655,Low Risk,109200,978,1016024,0.105,0.1,Business operations specialists,131.0,0.093,131.0,136444.0,83137.0,Business and financial operations occupations,13,174413,105671,131,,651556,503286,148270,0.295,0.08,0.136,8,19,185,233,Business & Finance,75,500,0,1,0,13,0,,,,,,
40,49,13-2061,Financial Examiners,0.179,0.129,Financial Specialists,1440,755,685,0.907,Low Risk,2925,36,22592,0.087,0.1,Financial specialists,132.0,0.052,132.0,37969.0,22534.0,Business and financial operations occupations,13,174413,105671,132,,651556,503286,148270,0.295,0.08,0.136,8,19,185,233,Business & Finance,75,500,1,0,0,13,0,,,,,,
101,1000,XX-XXXX,,,,,,,,,,,,,,,,,,,,,,17,,,,,281678,231630,50048,0.216,,0.196,13,20,75,366,Engineering,185,500,1,0,0,17,0,,,,,,
4,51,15-2041,Statisticians,0.354,0.256,Mathematical Science Occupations,15418,5698,9720,1.706,Low Risk,51349,485,200869,0.256,0.256,Mathematical science occupations,152.0,0.28,152.0,15418.0,5698.0,Computer and mathematical occupations,15,15418,5698,152,,994824,866171,128653,0.149,0.141,0.247,5,21,515,100,Computer & Mathematical,295,500,1,1,1,15,1,5225000,5959900,734900,0.141,75,300